phrase_AB,phrase_BA,freq_AB,freq_BA,overall_freq,rel_freq,word1_freq,word2_freq
men and women,women and men,24611453,3428799,28040252,0.8777186809876031,314631599,390130153
black and white,white and black,11484976,890777,12375753,0.9280223999299275,262567912,236331902
day and night,night and day,4059843,1204223,5264066,0.7712371007506365,1069603131,430130449
boys and girls,girls and boys,3336396,965248,4301644,0.7756095111543401,62729893,103412712
left and right,right and left,6094123,1729979,7824102,0.7788910471770435,481407617,1036167024
female and male,male and female,620201,4967593,5587794,0.11099210171312686,95168503,109075080
father and mother,mother and father,960104,1971871,2931975,0.3274598180407405,145099569,172769028
goods and services,services and goods,6071543,139376,6210919,0.9775595205798047,68099538,445120121
north and south,south and north,1429095,126592,1555687,0.9186263046486858,87396085,88794277
development and research,research and development,128710,6570876,6699586,0.01921163486818439,409713637,538829319
place and time,time and place,603797,2645102,3248899,0.18584665143483992,770121184,2768150129
death and life,life and death,86098,2821663,2907761,0.02960972377028236,244771561,913377829
brothers and sisters,sisters and brothers,3771534,335850,4107384,0.9182326268982886,33308109,23378007
husband and wife,wife and husband,2300818,73384,2374202,0.9690910882898759,120164125,143534863
gas and oil,oil and gas,494078,9192687,9686765,0.051005469834356464,146001981,210900586
pepper and salt,salt and pepper,179569,6001805,6181374,0.02905001379952095,34008417,73433317
fall and rise,rise and fall,49068,1493338,1542406,0.03181263558362714,174820157,92086286
arms and legs,legs and arms,1533801,323089,1856890,0.8260053099537399,61321568,50611688
fruits and vegetables,vegetables and fruits,5195750,895944,6091694,0.8529236695080219,31522647,40124244
arts and sciences,sciences and arts,369100,25164,394264,0.9361747458555688,51012628,18563441
gentlemen and ladies,ladies and gentlemen,29200,885820,915020,0.03191187077878079,5628963,31214563
feelings and thoughts,thoughts and feelings,350693,1895094,2245787,0.15615594889453008,64899588,109949227
diagnosis and treatment,treatment and diagnosis,2348467,50544,2399011,0.9789313179472707,48435284,270068814
groups and individuals,individuals and groups,485584,824488,1310072,0.37065443731336906,213105949,174254216
knowledge and skills,skills and knowledge,3475980,2420225,5896205,0.5895283491669642,249673808,209320651
heart and mind,mind and heart,877122,617744,1494866,0.5867562711306565,288544661,366241062
influence and power,power and influence,118178,605042,723220,0.1634053261801388,101355240,498897230
africa and asia,asia and africa,7780,13485,21265,0.36585939336938633,3541415,1909037
addresses and names,names and addresses,18060,420411,438471,0.04118858487790527,36130004,-1
poetry and prose,prose and poetry,-1,-1,-2,nan,-1,-1
forefinger and thumb,thumb and forefinger,-1,-1,-2,nan,-1,-1
minerals and vitamins,vitamins and minerals,-1,-1,-2,nan,-1,-1
fall and winter,winter and fall,1084487,32627,1117114,0.9707934910850639,174820157,103461524
light and shadow,shadow and light,433285,65339,498624,0.8689613817225004,454245346,29162190
honey and milk,milk and honey,24729,242346,267075,0.09259196854816062,28000920,73258813
nose and throat,throat and nose,312497,26749,339246,0.9211516126940332,35851033,19281133
anger and fear,fear and anger,106837,148696,255533,0.41809472749116555,31130669,133949701
head and tail,tail and head,212937,20415,233352,0.9125141417258048,480352149,66696050
novels and stories,stories and novels,51763,93953,145716,0.35523209530868266,19646982,145854532
sunrise and sunset,sunset and sunrise,417765,90937,508702,0.8212371879803892,6135124,13160989
sympathy and understanding,understanding and sympathy,36099,15982,52081,0.6931318523069834,9484805,168308104
shoes and socks,socks and shoes,185890,111879,297769,0.6242758648482548,56904122,13711337
equipment and personnel,personnel and equipment,97834,128213,226047,0.4328037974403553,143594627,39132548
eyes and face,face and eyes,66241,93736,159977,0.4140657719547185,174969093,294547561
ink and paper,paper and ink,94977,134549,229526,0.4137962583759574,21820152,274465797
muscles and nerves,nerves and muscles,83643,90117,173760,0.48137085635359117,37466225,11911864
charts and maps,maps and charts,35578,51349,86927,0.4092859525809012,22172150,43223962
elbows and knees,knees and elbows,102014,94113,196127,0.5201425606877177,4201473,17304526
christmas and easter,easter and christmas,2324,988,3312,0.7016908212560387,4964097,1950645
nature and size,size and nature,34800,80764,115564,0.30113184036551177,171819532,310435195
gums and teeth,teeth and gums,135887,685991,821878,0.16533719116462542,5136456,54313430
chairs and sofas,sofas and chairs,48799,73138,121937,0.4001984631408022,23685071,2638985
characters and situations,situations and characters,102150,16759,118909,0.8590602898014448,138104675,70566142
joy and pleasure,pleasure and joy,83067,48972,132039,0.6291095812600822,63016276,47525958
thursday and tuesday,tuesday and thursday,122,5785,5907,0.020653461994244116,2126680,2086616
barley and oats,oats and barley,24815,25478,50293,0.49340862545483466,4716882,5511712
beauty and dignity,dignity and beauty,13816,9337,23153,0.5967261262039476,79040303,11615552
boats and ships,ships and boats,39408,41017,80425,0.48999689151383274,20633928,30532567
misery and pain,pain and misery,22586,77168,99754,0.22641698578503117,6048754,228969348
bones and skulls,skulls and bones,16853,28247,45100,0.37368070953436805,24540486,2042876
dairy and poultry,poultry and dairy,18693,17829,36522,0.511828486939379,19501846,6975183
being and existence,existence and being,8207,6653,14860,0.5522880215343203,1170818231,55640009
radar and radio,radio and radar,8774,9507,18281,0.4799518625895739,15900142,84190210
humility and pride,pride and humility,5371,12789,18160,0.29575991189427314,5745688,31656189
pitch and volume,volume and pitch,24027,13652,37679,0.637676159133735,80258697,104753663
skirt and sweater,sweater and skirt,6133,5962,12095,0.5070690367920628,11213693,7059732
linen and silk,silk and linen,14320,14144,28464,0.5030916245081506,6629766,12083233
checks and money,money and checks,28401,3044,31445,0.9031960566067737,35444559,519542594
calluses and corns,corns and calluses,6957,25084,32041,0.2171280546799413,402738,415251
action and motion,motion and action,5108,6024,11132,0.4588573481854114,280016406,75139815
brain and intelligence,intelligence and brain,3180,3612,6792,0.46819787985865724,121446119,51180439
conduct and manners,manners and conduct,1307,2240,3547,0.36848040597688186,104014104,5496164
completeness and unity,unity and completeness,1032,1564,2596,0.3975346687211094,4119865,15861645
hostility and indifference,indifference and hostility,1755,2724,4479,0.39182853315472205,3957195,2972258
depth and force,force and depth,2016,1849,3865,0.5216041397153945,73126468,150076565
hours and miles,miles and hours,10678,10675,21353,0.5000702477403643,339885344,112385650
movements and speech,speech and movements,5549,2436,7985,0.6949279899812147,36894558,78770878
schools and synagogues,synagogues and schools,5635,4153,9788,0.5757049448304046,140446205,1004253
arrangers and composers,composers and arrangers,2816,12574,15390,0.1829759584145549,197084,4956635
happiness and laughter,laughter and happiness,19445,23829,43274,0.4493460276378426,33649045,12038270
diagrams and sketches,sketches and diagrams,3424,4682,8106,0.4224031581544535,8889143,6098159
pail and shovel,shovel and pail,3818,1905,5723,0.6671326227503058,758336,3321659
candies and cookies,cookies and candies,7445,15777,23222,0.32060115407802947,2767503,48350756
county and village,village and county,1900,2447,4347,0.43708304577869794,57307251,67561624
charm and variety,variety and charm,1255,1217,2472,0.5076860841423948,18304553,178911877
bouquets and wreaths,wreaths and bouquets,1627,2137,3764,0.4322529224229543,1666810,1214695
beech and elm,elm and beech,1177,1078,2255,0.5219512195121951,1417160,1525654
complexity and obscurity,obscurity and complexity,1109,435,1544,0.7182642487046632,31895809,1769696
devotion and effort,effort and devotion,1604,5090,6694,0.23961756797131759,7666636,151537357
alibis and excuses,excuses and alibis,718,803,1521,0.4720578566732413,114456,8462598
body and mind,mind and body,2296360,2296192,4592552,0.500018290484245,435962134,366241062
man and woman,woman and man,1311038,80306,1391344,0.9422817074713371,589621659,186645355
law and order,order and law,1507906,9073,1516979,0.994019033882473,353894550,551957287
cause and effect,effect and cause,1590083,17235,1607318,0.9892771685503429,239797932,278039267
radio and television,television and radio,914794,609879,1524673,0.5999935723922442,84190210,62657722
b and c,c and b,269928,21116,291044,0.9274473962699799,1711573733,1508061731
feet and hands,hands and feet,204463,1570752,1775215,0.11517647158231538,137524027,177295048
money and time,time and money,1628252,8981145,10609397,0.15347262431597197,519542594,2768150129
blood and flesh,flesh and blood,37125,873939,911064,0.04074905824398725,226453583,18402371
god and man,man and god,11258,8203,19461,0.5784903139612558,51696640,589621659
file and rank,rank and file,1315,617752,619067,0.0021241642665495012,375349163,54962099
brother and sister,sister and brother,1497965,400880,1898845,0.788882188909574,88764640,98229304
father and son,son and father,1057865,26302,1084167,0.9757398998493775,145099569,159800229
men and officers,officers and men,25961,243156,269117,0.09646733576845759,314631599,60858946
south and west,west and south,385915,253854,639769,0.6032099085763768,88794277,55847568
error and trial,trial and error,3749,3146716,3150465,0.0011899830659918456,186179492,97647085
arts and crafts,crafts and arts,1813593,22789,1836382,0.9875902726121254,51012628,14560284
pressure and temperature,temperature and pressure,394193,535343,929536,0.4240750223767557,182525040,127204068
days and nights,nights and days,938342,49436,987778,0.949952317221076,555777321,37593207
land and sea,sea and land,530327,134466,664793,0.7977325272678863,274048818,102400717
north and west,west and north,410483,212507,622990,0.6588917960159875,87396085,55847568
spring and summer,summer and spring,2174915,69198,2244113,0.9691646543645529,96732443,179917443
magazines and newspapers,newspapers and magazines,316032,619361,935393,0.33786012937877447,18131272,17101767
hands and knees,knees and hands,593439,19588,613027,0.9680470843861689,177295048,17304526
moon and sun,sun and moon,51683,332434,384117,0.13455015008447946,36671506,180219384
fathers and mothers,mothers and fathers,182413,585860,768273,0.2374325272396661,10472556,23106265
city and county,county and city,622296,143849,766145,0.8122431132487975,349744382,57307251
ears and eyes,eyes and ears,130090,952602,1082692,0.12015420821433981,27753443,174969093
college and school,school and college,29893,1477667,1507560,0.019828729868131285,151838764,509658955
college and university,university and college,564506,134670,699176,0.8073875533485131,151838764,84695905
dark and light,light and dark,328854,917003,1245857,0.26395806260269034,150039864,454245346
future and past,past and future,59019,819616,878635,0.06717123720316172,379049490,446592596
evening and morning,morning and evening,47175,937065,984240,0.04793038283345526,97378241,195436933
ice and snow,snow and ice,633751,1245997,1879748,0.3371467877609126,97589244,89454570
husbands and wives,wives and husbands,252520,34545,287065,0.8796614007280581,6308630,9506050
boys and men,men and boys,214659,428235,642894,0.33389485669488284,62729893,314631599
bread and butter,butter and bread,1136800,16824,1153624,0.9854163921693724,62396748,63676537
head and shoulders,shoulders and head,730993,31015,762008,0.9592983275766134,480352149,22506091
rock and roll,roll and rock,1990225,5080,1995305,0.9974540233197431,113672854,106900825
testament and will,will and testament,827,274602,275429,0.003002588688918015,7948330,5126160465
engineers and scientists,scientists and engineers,224443,602663,827106,0.2713594146336745,28468841,43200818
man and wife,wife and man,155502,1524,157026,0.9902946008941195,589621659,143534863
arms and hands,hands and arms,227836,266733,494569,0.46067586120440224,61321568,177295048
math and science,science and math,835655,341331,1176986,0.709995700883443,49967843,135962104
son and wife,wife and son,49106,478273,527379,0.09311330181899545,159800229,143534863
fingers and thumb,thumb and fingers,91048,39017,130065,0.7000192211586515,35126540,21792793
flesh and skin,skin and flesh,20670,48555,69225,0.29859154929577464,18402371,203825470
life and religion,religion and life,14080,9123,23203,0.6068180838684653,913377829,51626041
colonel and mrs.,mrs. and colonel,87,0,87,1.0,1705388,314244
conscience and religion,religion and conscience,36480,9549,46029,0.7925438310630255,8298715,51626041
contemporary and friend,friend and contemporary,7171,8075,15246,0.4703528794437885,48360777,215199816
pain and pressure,pressure and pain,58341,45903,104244,0.5596581098192702,228969348,182525040
integrity and unity,unity and integrity,8287,34319,42606,0.19450312162606206,30388760,15861645
flowers and hearts,hearts and flowers,6871,37488,44359,0.15489528618769585,58361334,32617386
grapefruit and oranges,oranges and grapefruit,5347,14912,20259,0.26393207956957404,2988378,4890199
kingston and montreal,montreal and kingston,31,35,66,0.4696969696969697,192099,446831
folklore and legend,legend and folklore,7729,7689,15418,0.501297185108315,3342696,40703300
doctors and fathers,fathers and doctors,330,1441,1771,0.18633540372670807,49510401,10472556
contraction and dilation,dilation and contraction,2526,2834,5360,0.47126865671641793,6897240,1937785
ships and weapons,weapons and ships,10757,4576,15333,0.7015587295375987,30532567,50135395
funnels and masts,masts and funnels,552,794,1346,0.4101040118870728,1281291,777006
law and sovereignty,sovereignty and law,2737,1443,4180,0.6547846889952154,353894550,7140108
assurance and dignity,dignity and assurance,210,392,602,0.3488372093023256,13145535,11615552
mr. and mrs.,mrs. and mr.,6515,61,6576,0.9907238442822385,1828763,314244
bride and groom,groom and bride,1573023,81251,1654274,0.9508841945167488,17914236,7256097
feet and legs,legs and feet,238313,388916,627229,0.3799457614364132,137524027,50611688
peace and quiet,quiet and peace,1296642,344567,1641209,0.7900529426782329,113309965,59041569
daughter and son,son and daughter,394324,697343,1091667,0.3612127141335224,109464999,159800229
ends and odds,odds and ends,375,533297,533672,0.0007026787989626587,73870488,35875543
city and state,state and city,495066,194921,689987,0.7175004746466238,349744382,569019032
facts and figures,figures and facts,711606,14398,726004,0.9801681533435077,62907319,61628107
man and nature,nature and man,155227,55304,210531,0.737311844811453,589621659,171819532
prose and verse,verse and prose,35819,23413,59232,0.6047237979470557,7014675,16169782
body and head,head and body,122219,305207,427426,0.2859418940354588,435962134,480352149
command and control,control and command,765197,29542,794739,0.9628280479503334,101346081,404118266
child and wife,wife and child,7290,271695,278985,0.026130437120275282,336525620,143534863
aunt and uncle,uncle and aunt,518110,120233,638343,0.8116482831330492,10171453,13707292
cattle and horses,horses and cattle,71976,63405,135381,0.5316551066988721,16491176,31071541
politics and religion,religion and politics,158077,209682,367759,0.4298385627544125,57245315,51626041
july and june,june and july,182,7961,8143,0.022350485079209136,3332798,3670331
sailors and soldiers,soldiers and sailors,17194,76962,94156,0.18261183567696163,4680244,35543368
english and german,german and english,14122,11092,25214,0.560085666693107,14743825,4832505
food and shelter,shelter and food,494318,97161,591479,0.835732122357683,496658910,28301427
sights and sounds,sounds and sights,726168,45789,771957,0.9406845199926939,13422954,114874978
comings and goings,goings and comings,304951,5019,309970,0.9838081104623028,539483,1453535
heir and son,son and heir,1045,169108,170153,0.006141531445228706,8118796,159800229
coat and hat,hat and coat,53684,39044,92728,0.5789405573289621,35408418,45592544
crime and punishment,punishment and crime,122829,1367,124196,0.9889932042899933,66321457,18145148
earth and sky,sky and earth,76417,28089,104506,0.7312211739038906,99903684,56605277
faith and love,love and faith,177691,84018,261709,0.6789640402126026,85784659,687370528
mother and son,son and mother,302182,18005,320187,0.94376723602145,172769028,159800229
cents and dollars,dollars and cents,2069,213004,215073,0.009619989491939946,19428423,75328314
turns and twists,twists and turns,30862,2239029,2269891,0.013596247573121353,76440826,7511480
fire and police,police and fire,128424,636038,764462,0.16799265365708171,216329156,168396479
months and years,years and months,905290,45787,951077,0.9518577360192708,372362669,1299258845
editor and publisher,publisher and editor,152360,67848,220208,0.6918913027682918,67389434,19027270
aunts and uncles,uncles and aunts,392259,82612,474871,0.8260327541584978,2244056,2487059
research and training,training and research,233080,166276,399356,0.5836396598523623,538829319,289928603
eyes and hair,hair and eyes,70255,133642,203897,0.34456122453984117,174969093,184494533
methods and principles,principles and methods,32906,111387,144293,0.2280498707491008,171217440,54500996
city and country,country and city,150722,63557,214279,0.7033913729296851,349744382,390801078
bread and cheese,cheese and bread,123638,70121,193759,0.6381019720374279,62396748,57842859
location and size,size and location,142437,310061,452498,0.3147792918421739,186491126,310435195
childhood and infancy,infancy and childhood,1723,58272,59995,0.02871905992166014,43204629,3805794
morning and night,night and morning,385723,62977,448700,0.8596456429685759,195436933,430130449
council and governor,governor and council,443,7426,7869,0.05629686110052103,45578832,25415453
age and day,day and age,4299,2807461,2811760,0.0015289356132813612,293969856,1069603131
body and face,face and body,138892,575743,714635,0.19435376101086568,435962134,294547561
hair and skin,skin and hair,437567,806151,1243718,0.35182171521196925,184494533,203825470
nitrogen and oxygen,oxygen and nitrogen,75935,112591,188526,0.40278264006025694,14123623,36535843
piano and violin,violin and piano,62960,119164,182124,0.3456985350640223,25736853,8506108
ceiling and walls,walls and ceiling,85778,271992,357770,0.23975738603013108,25846952,61067278
color and texture,texture and color,429448,166406,595854,0.7207268894729246,262936283,35851913
environment and heredity,heredity and environment,2341,15971,18312,0.12783966797728266,230179706,616283
everybody and everything,everything and everybody,44782,70657,115439,0.3879278233525931,44288118,349185130
bacon and eggs,eggs and bacon,180277,119345,299622,0.6016814519628064,13896087,47778813
paper and pen,pen and paper,142005,988852,1130857,0.12557290621183756,274465797,118713678
concrete and steel,steel and concrete,169818,159437,329255,0.5157643771544851,47533557,68410757
color and light,light and color,134115,150165,284280,0.47177078936260025,262936283,454245346
friends and relations,relations and friends,123910,20753,144663,0.8565424469283783,311927908,51981867
boots and shoes,shoes and boots,112662,143206,255868,0.4403129738771554,23075936,56904122
hearing and sight,sight and hearing,28178,80935,109113,0.25824603851053496,81013650,57816631
expense and time,time and expense,41420,342408,383828,0.1079129193284492,32032860,2768150129
flowers and plants,plants and flowers,318639,523461,842100,0.37838617741360886,58361334,108953335
beauty and truth,truth and beauty,37970,63324,101294,0.37484944814105475,79040303,119352675
bone and flesh,flesh and bone,17572,107818,125390,0.14013876704681394,48719276,18402371
doubts and fears,fears and doubts,111977,74594,186571,0.6001843802091429,12683791,22414397
fits and starts,starts and fits,218817,1185,220002,0.9946136853301334,39056013,104022452
light and sound,sound and light,304448,315647,620095,0.4909699320265443,454245346,244355934
beauty and youth,youth and beauty,22625,67064,89689,0.2522605893699339,79040303,79632929
fiction and poetry,poetry and fiction,111333,69317,180650,0.6162911707722114,33891848,26945661
needle and thread,thread and needle,221904,18259,240163,0.9239724686983424,16711618,75602093
back and shoulders,shoulders and back,172455,124725,297180,0.5803048657379366,1388050574,22506091
crime and violence,violence and crime,175102,81572,256674,0.6821960930986387,66321457,70696520
force and violence,violence and force,52791,10712,63503,0.8313150559816072,150076565,70696520
eggs and ham,ham and eggs,56641,29969,86610,0.6539776007389447,47778813,42759298
bone and muscle,muscle and bone,120203,150788,270991,0.44356823658350275,48719276,64610438
debate and discussion,discussion and debate,144772,232746,377518,0.3834837014394016,55127560,102052699
errors and omissions,omissions and errors,250594,9052,259646,0.9651371482711076,62404924,2234197
brother and mother,mother and brother,46039,184650,230689,0.1995717177672104,88764640,172769028
face and figure,figure and face,24885,4414,29299,0.8493463940748831,294547561,138119435
chairs and table,table and chairs,44787,737906,782693,0.05722166928795837,23685071,278320640
ammunition and guns,guns and ammunition,4145,99816,103961,0.03987072075105087,6889575,30148760
concord and lexington,lexington and concord,84,2029,2113,0.03975390440132513,2324641,135699
ice and water,water and ice,144531,177896,322427,0.4482596060503618,97589244,624668189
fun and games,games and fun,665682,57274,722956,0.9207780279851056,413913520,365820653
breakfast and dinner,dinner and breakfast,307770,97157,404927,0.7600629249222699,58547846,81547415
comfort and ease,ease and comfort,341551,320610,662161,0.5158126195894956,94554288,55545827
father and uncle,uncle and father,114730,13176,127906,0.8969868497177614,145099569,13707292
health and spirits,spirits and health,23583,3046,26629,0.8856134289684179,731902197,17320909
names and numbers,numbers and names,136752,38829,175581,0.7788542040425787,119322130,161240186
rights and wrongs,wrongs and rights,108004,5298,113302,0.9532400134154737,165371558,1958153
crannies and nooks,nooks and crannies,2758,659546,662304,0.004164250857612214,778653,1174459
power and resources,resources and power,96651,38069,134720,0.7174213182897862,498897230,187237944
flame and smoke,smoke and flame,18771,20668,39439,0.4759502015771191,14039886,39727468
faith and life,life and faith,70218,69440,139658,0.5027853757035042,85784659,913377829
wisdom and wit,wit and wisdom,12962,91755,104717,0.12378123895833533,31190939,8594799
novelist and poet,poet and novelist,39183,58487,97670,0.4011774342172622,3948724,16032063
arizona and california,california and arizona,556,950,1506,0.3691899070385126,1060731,3671436
crops and livestock,livestock and crops,110555,24469,135024,0.8187803649721531,20599712,10153523
glass and steel,steel and glass,128042,139143,267185,0.47922600445384284,124014263,68410757
bar and grill,grill and bar,145790,10271,156061,0.9341859913751674,288324614,14947184
influence and prestige,prestige and influence,8236,13328,21564,0.38193285104804303,101355240,4780595
cotton and tobacco,tobacco and cotton,15143,10007,25150,0.6021073558648111,24941475,18193110
church and community,community and church,154309,40281,194590,0.7929955290611028,118718945,404711288
courage and hope,hope and courage,46191,53856,100047,0.46169300428798465,26289645,286222563
teaching and writing,writing and teaching,61559,62006,123565,0.4981912353821875,106565096,284741749
example and precept,precept and example,2396,10920,13316,0.1799339140883148,448126191,2131098
gin and tonic,tonic and gin,241025,1411,242436,0.9941799072744972,5721483,3169237
brush and trees,trees and brush,25665,54291,79956,0.3209890439741858,40098961,84583083
pad and pencil,pencil and pad,20413,5910,26323,0.7754815180640504,22429045,11412480
chair and table,table and chair,41626,149592,191218,0.21768871131378845,55733841,278320640
houses and shops,shops and houses,51983,29116,81099,0.6409820096425357,62489621,44756291
libraries and museums,museums and libraries,53062,47760,100822,0.5262938644343497,25609267,13673914
flames and smoke,smoke and flames,49895,80577,130472,0.3824192163835919,9358904,39727468
guidance and information,information and guidance,79937,276562,356499,0.2242278379462495,58361778,804530518
stress and tension,tension and stress,217869,136913,354782,0.6140925977078883,146503861,30606782
days and years,years and days,72542,10319,82861,0.8754661420933854,555777321,1299258845
actions and feelings,feelings and actions,25073,74818,99891,0.2510035939173699,112403159,64899588
energy and money,money and energy,300046,232718,532764,0.5631874526056565,328804182,519542594
anguish and pain,pain and anguish,21294,100104,121398,0.17540651411061137,2860632,228969348
colors and forms,forms and colors,29472,32811,62283,0.4731949328067049,84840562,112469898
meaning and origin,origin and meaning,27495,42388,69883,0.3934433267032039,155936634,69678350
freedom and security,security and freedom,65266,43951,109217,0.5975809626706465,71582143,230579211
gratitude and joy,joy and gratitude,40648,86459,127107,0.3197935597567404,14819729,63016276
mamma and papa,papa and mamma,1644,4456,6100,0.2695081967213115,468744,1090094
length and weight,weight and length,79484,67114,146598,0.5421902072333865,147863853,255083071
anger and hatred,hatred and anger,90227,38491,128718,0.7009664537982255,31130669,10388612
aircraft and ships,ships and aircraft,26299,67524,93823,0.2803044029715528,43781922,30532567
sidewalks and streets,streets and sidewalks,33221,107885,141106,0.23543293694102307,3901806,48382290
democracy and liberty,liberty and democracy,12973,27268,40241,0.3223826445664869,26608505,11538291
iron and wood,wood and iron,22759,34070,56829,0.4004821481989829,58773828,99059143
horses and wagons,wagons and horses,13962,4776,18738,0.7451168747998719,31071541,2485531
clarity and precision,precision and clarity,52325,24259,76584,0.6832367074062468,21472415,25661063
flowers and herbs,herbs and flowers,75665,92299,167964,0.4504834369269605,58361334,18731787
confusion and fear,fear and confusion,50391,76933,127324,0.39576984700449247,25796182,133949701
jaws and teeth,teeth and jaws,25281,48586,73867,0.34225026060351715,3148672,54313430
counties and towns,towns and counties,19997,34690,54687,0.3656627717739134,17286206,26066378
bodies and faces,faces and bodies,21857,59843,81700,0.26752753977968174,59804982,48621461
ability and desire,desire and ability,60884,58697,119581,0.5091444292989689,215259747,75486017
chest and stomach,stomach and chest,63795,30211,94006,0.6786268961555645,42080091,35236242
illinois and missouri,missouri and illinois,349,488,837,0.4169653524492234,1017985,574588
jams and jellies,jellies and jams,98496,17637,116133,0.8481310221900752,3846668,714932
tories and whigs,whigs and tories,66,409,475,0.13894736842105262,173096,25791
dogs and men,men and dogs,6476,9833,16309,0.397081366116868,80163790,314631599
discussion and thought,thought and discussion,11927,49643,61570,0.1937144713334416,102052699,400024534
distress and pain,pain and distress,17825,77222,95047,0.1875387965953686,21169631,228969348
mouth and nostrils,nostrils and mouth,13050,9172,22222,0.5872558725587256,76367483,1749650
cakes and pies,pies and cakes,46288,31753,78041,0.5931241270614165,12739338,5001914
adventure and romance,romance and adventure,27744,31308,59052,0.4698232066653119,47521128,23218318
agreements and contracts,contracts and agreements,42116,81482,123598,0.3407498503212026,26058158,39111717
crime and poverty,poverty and crime,37728,50211,87939,0.4290246648244806,66321457,33270801
cousins and uncles,uncles and cousins,10992,126678,137670,0.07984310307256483,8222363,2487059
fire and light,light and fire,42567,18831,61398,0.6932961985732434,216329156,454245346
child and husband,husband and child,7683,46821,54504,0.140962131219727,336525620,120164125
vinegar and water,water and vinegar,214608,108625,323233,0.6639421098712075,15472794,624668189
fork and spoon,spoon and fork,45377,31392,76769,0.5910849431411116,14715597,12672039
burma and india,india and burma,106,301,407,0.26044226044226043,82334,7291143
fruit and nuts,nuts and fruit,139646,33857,173503,0.8048621637666208,76441282,23803709
ability and strength,strength and ability,20291,85219,105510,0.19231352478438063,215259747,187181754
agencies and individuals,individuals and agencies,42204,22494,64698,0.6523231011777798,58934074,174254216
c. and d.,d. and c.,1218,37,1255,0.9705179282868526,25025990,14512656
coffee and sandwiches,sandwiches and coffee,16339,15770,32109,0.5088604441122426,108627088,9634437
coffee and toast,toast and coffee,20768,22039,42807,0.4851542971943841,108627088,12951299
artillery and mortar,mortar and artillery,20488,10221,30709,0.667165977400762,5335742,6821044
anger and anxiety,anxiety and anger,37803,39649,77452,0.4880829416929195,31130669,60066582
apprehension and fear,fear and apprehension,10705,28695,39400,0.2717005076142132,2256836,133949701
figures and words,words and figures,3423,13092,16515,0.2072661217075386,61628107,257534396
blood and guts,guts and blood,128203,4506,132709,0.9660460104439036,226453583,5346164
action and character,character and action,15442,9647,25089,0.6154888596596118,280016406,241371541
diamonds and rubies,rubies and diamonds,15702,11488,27190,0.5774917248988599,10451986,713374
plans and projects,projects and plans,75155,36992,112147,0.6701472174913283,171211203,190084076
jacket and trousers,trousers and jacket,37810,7064,44874,0.8425814502830147,21039189,5220901
kind and quantity,quantity and kind,9717,6599,16316,0.5955503799950969,415094128,38778887
family and neighborhood,neighborhood and family,17913,4695,22608,0.7923301486199575,612899365,64688520
nights and weekends,weekends and nights,274062,16295,290357,0.943879431182992,37593207,17848167
labor and money,money and labor,11390,16890,28280,0.40275813295615276,98052975,519542594
shower and tub,tub and shower,43876,98856,142732,0.30740128352436735,36675477,43304971
aggression and hostility,hostility and aggression,7842,9446,17288,0.4536094400740398,8995445,3957195
information and material,material and information,53467,156748,210215,0.2543443617249007,804530518,202000822
despair and rage,rage and despair,4816,15501,20317,0.23704287050253484,9338243,12210763
improvements and land,land and improvements,3251,14157,17408,0.18675321691176472,43479450,274048818
landings and takeoffs,takeoffs and landings,11917,61538,73455,0.1622353822067933,2006261,202138
novels and tales,tales and novels,2723,2386,5109,0.5329810138970444,19646982,13466564
corruption and crime,crime and corruption,24853,98525,123378,0.20143785764074632,23255388,66321457
anthropology and psychology,psychology and anthropology,8353,11505,19858,0.42063651928693724,3738875,22956508
lecturer and writer,writer and lecturer,10069,23622,33691,0.298863197886676,5561441,78877856
curettage and dilatation,dilatation and curettage,21,12330,12351,0.0017002671848433326,209028,927554
fog and mist,mist and fog,25062,33688,58750,0.42658723404255317,14742598,18434539
field and stream,stream and field,5500,526,6026,0.9127115831397279,320526115,86976129
dates and events,events and dates,55656,20452,76108,0.7312766069269985,52941040,247697450
belly and chest,chest and belly,14151,33791,47942,0.2951691627383088,16127123,42080091
power and scope,scope and power,13132,16138,29270,0.448650495387769,498897230,52499986
counterpoint and harmony,harmony and counterpoint,2515,12736,15251,0.16490721919874107,1345942,14005457
pain and shame,shame and pain,25376,13390,38766,0.6545942320590208,228969348,29068373
doorways and windows,windows and doorways,29862,41230,71092,0.4200472627018511,1862753,74108006
history and identity,identity and history,50328,26711,77039,0.6532795077817729,303011425,75964391
anger and indignation,indignation and anger,12769,5030,17799,0.7173998539243778,31130669,1428018
cream and peaches,peaches and cream,1228,58597,59825,0.020526535729210198,69973619,3098711
classmates and friends,friends and classmates,61126,122265,183391,0.3333097044020699,7453513,311927908
movements and positions,positions and movements,13344,19213,32557,0.40986577387351414,36894558,70260914
barrels and boxes,boxes and barrels,3788,5236,9024,0.41976950354609927,9090050,45237558
costumes and masks,masks and costumes,24252,26224,50476,0.48046596402250574,10901585,22771891
attractions and repulsions,repulsions and attractions,4339,398,4737,0.9159805784251636,20243915,53134
effort and resources,resources and effort,96727,25838,122565,0.789189409700975,151537357,187237944
ability and age,age and ability,8827,94314,103141,0.08558187335783055,215259747,293969856
babylon and nineveh,nineveh and babylon,14,28,42,0.3333333333333333,180158,5944
love and veneration,veneration and love,3653,1240,4893,0.7465767422848968,687370528,548156
editing and publishing,publishing and editing,64286,10822,75108,0.8559141502902488,36627559,29675221
cysts and tumors,tumors and cysts,9964,7716,17680,0.5635746606334842,2680614,16115031
dirt and sweat,sweat and dirt,22901,25503,48404,0.4731220560284274,27881666,19872012
dreams and plans,plans and dreams,37643,38541,76184,0.49410637404179353,44090300,171211203
farms and fields,fields and farms,18629,17246,35875,0.5192752613240418,17815860,93360126
cause and consequence,consequence and cause,25825,1406,27231,0.9483676692005435,239797932,23793036
fungicides and insecticides,insecticides and fungicides,9886,14884,24770,0.39911182882519175,683802,1546059
choice and decision,decision and choice,21532,8656,30188,0.7132635484298396,207897533,215261693
confusion and turmoil,turmoil and confusion,5982,8952,14934,0.40056247488951385,25796182,5741936
magic and superstition,superstition and magic,6382,2918,9300,0.686236559139785,56445496,1503719
machinery and power,power and machinery,5258,2973,8231,0.6388045194994533,15264366,498897230
education and skill,skill and education,47728,9283,57011,0.8371717738682009,234480798,70993674
forms and materials,materials and forms,27555,20372,47927,0.5749368831764976,112469898,154241988
length and quality,quality and length,43467,35144,78611,0.5529378840111435,147863853,383681082
inclination and time,time and inclination,1439,54083,55522,0.02591765426317496,5125731,2768150129
help and understanding,understanding and help,27587,25440,53027,0.5202444037942935,1113618185,168308104
closets and drawers,drawers and closets,26577,20431,47008,0.5653718515997277,2674366,5470438
friends and partners,partners and friends,131161,94240,225401,0.5819007014165865,311927908,151903344
receivers and senders,senders and receivers,1632,31806,33438,0.0488067468150009,7559177,766888
authority and force,force and authority,2748,4773,7521,0.36537694455524533,63826159,150076565
fear and want,want and fear,7790,4700,12490,0.6236989591673339,133949701,1179343438
trees and underbrush,underbrush and trees,7899,1295,9194,0.8591472699586687,84583083,290317
bacon and coffee,coffee and bacon,5924,10692,16616,0.35652383245065,13896087,108627088
december and may,may and december,200,250,450,0.4444444444444444,3122311,1566127202
grains and seeds,seeds and grains,31340,26810,58150,0.5389509888220121,13902915,42657518
beauty and color,color and beauty,18466,31565,50031,0.36909116347864324,79040303,262936283
legs and torso,torso and legs,27583,30002,57585,0.47899626638881654,50611688,3976840
transportation and utilities,utilities and transportation,26757,12156,38913,0.6876108241461723,50727906,13100442
hardships and trials,trials and hardships,8443,17126,25569,0.330204544565685,4007485,39291318
science and tactics,tactics and science,2152,189,2341,0.9192652712516018,135962104,20540721
neighborhood and school,school and neighborhood,12027,14957,26984,0.44570856804032016,64688520,509658955
irony and satire,satire and irony,6680,5450,12130,0.5507007419620775,7116206,3426464
kitchen and pantry,pantry and kitchen,25382,7830,33212,0.7642418402986872,97356496,6177041
astronomy and geology,geology and astronomy,3703,4422,8125,0.4557538461538462,4148025,3545292
development and practice,practice and development,25168,17943,43111,0.5837953190601006,409713637,222391134
aloes and myrrh,myrrh and aloes,520,7486,8006,0.06495128653509867,109502,384028
feet and heads,heads and feet,4815,9784,14599,0.329817110761011,137524027,48795037
snow and water,water and snow,27776,39513,67289,0.4127866367459763,89454570,624668189
back and hips,hips and back,62320,40033,102353,0.6088732132912568,1388050574,9945190
bombers and missiles,missiles and bombers,2754,5071,7825,0.35194888178913736,2859877,7406795
argument and debate,debate and argument,10295,11779,22074,0.4663857932409169,80945608,55127560
doubts and suspicions,suspicions and doubts,7286,2178,9464,0.7698647506339814,12683791,2899969
laborers and servants,servants and laborers,1288,1785,3073,0.4191343963553531,2338174,9533708
arms and faces,faces and arms,5137,6397,11534,0.44537887983353563,61321568,48621461
chrome and glass,glass and chrome,11889,13267,25156,0.4726109079344888,8616488,124014263
paris and washington,washington and paris,137,95,232,0.5905172413793104,1734391,2347375
arm and back,back and arm,28164,31983,60147,0.4682527806873161,102808646,1388050574
emotion and meaning,meaning and emotion,12624,16196,28820,0.438029146426093,40518799,155936634
bushes and vines,vines and bushes,5605,3499,9104,0.6156634446397188,5608967,5029171
aims and ends,ends and aims,1879,3124,5003,0.3755746552068759,43493901,73870488
authority and independence,independence and authority,5140,5663,10803,0.47579376099231696,63826159,26234215
crises and problems,problems and crises,3803,9222,13025,0.29197696737044143,7317966,283296841
bathrobe and slippers,slippers and bathrobe,22301,1710,24011,0.928782641289409,475565,2776177
generalists and specialists,specialists and generalists,10953,9035,19988,0.5479787872723634,326649,23816374
boredom and loneliness,loneliness and boredom,15414,13565,28979,0.5319024120915146,4241739,6429429
excitement and fatigue,fatigue and excitement,1086,1178,2264,0.4796819787985866,27421315,19327271
fun and pleasure,pleasure and fun,39213,21836,61049,0.6423201035233992,413913520,47525958
individualism and socialism,socialism and individualism,603,317,920,0.6554347826086957,1595116,5026845
fields and homes,homes and fields,3606,5990,9596,0.37578157565652354,93360126,94389703
brow and cheeks,cheeks and brow,1579,3614,5193,0.3040631619487772,51142391,6659978
certainty and security,security and certainty,12303,10497,22800,0.5396052631578947,9899526,230579211
artist and critic,critic and artist,7917,2534,10451,0.7575351640991292,90968778,39424867
20s and 30s,30s and 20s,429047,3180,432227,0.9926427548487253,15545737,15836720
brick and glass,glass and brick,13073,6218,19291,0.6776735265149552,21994498,124014263
gas and light,light and gas,7081,4041,11122,0.636666067254091,146001981,454245346
dentist and doctor,doctor and dentist,6709,25959,32668,0.20536916860536306,14199102,107216128
bourbon and water,water and bourbon,2171,476,2647,0.820173781639592,2960894,624668189
habitat and habits,habits and habitat,1563,4138,5701,0.27416242764427295,16010113,34019484
cuts and wounds,wounds and cuts,32716,14209,46925,0.6971976558337774,40462301,13191240
palm and pine,pine and palm,2913,2302,5215,0.5585810162991371,17839685,19464828
fish and vegetable,vegetable and fish,22083,8596,30679,0.7198083379510414,177661982,19794854
initials and names,names and initials,1578,16505,18083,0.08726428136924183,2821110,119322130
fury and pain,pain and fury,2305,4692,6997,0.329426897241675,3667208,228969348
gentleness and sweetness,sweetness and gentleness,1307,1903,3210,0.4071651090342679,1164173,7197169
statesmen and warriors,warriors and statesmen,561,865,1426,0.39340813464235624,598370,7391857
experiences and reactions,reactions and experiences,8604,3705,12309,0.699000731172313,118575376,31067362
bitterness and disappointment,disappointment and bitterness,4433,2778,7211,0.6147552350575509,4112229,13216320
action and mind,mind and action,2865,8235,11100,0.2581081081081081,280016406,366241062
comedy and satire,satire and comedy,11017,5642,16659,0.6613242091362026,29928920,3426464
enthusiasm and warmth,warmth and enthusiasm,4405,14076,18481,0.2383529029814404,17765075,15275423
body and breath,breath and body,37809,27659,65468,0.577518787804729,435962134,83150908
beauty and brains,brains and beauty,24599,11774,36373,0.6762983531740577,79040303,12945268
hotels and pensions,pensions and hotels,4424,972,5396,0.8198665678280208,36407325,5365439
comb and wattles,wattles and comb,6010,2153,8163,0.736248928090163,48054387,107785
imagination and originality,originality and imagination,6290,4304,10594,0.5937323013026241,24080122,3724034
ears and hair,hair and ears,7331,6707,14038,0.5222253882319419,27753443,184494533
brush and logs,logs and brush,1501,3047,4548,0.33003518029903256,40098961,17925059
importance and validity,validity and importance,3501,5082,8583,0.40789933589653965,95015093,14861580
money and papers,papers and money,1983,2477,4460,0.4446188340807175,519542594,59381480
pies and puddings,puddings and pies,4391,2932,7323,0.5996176430424689,5001914,649232
eloquence and force,force and eloquence,693,1157,1850,0.3745945945945946,890943,150076565
soil and topography,topography and soil,3014,5528,8542,0.3528447670334816,67583230,3017218
blossom and leaf,leaf and blossom,1036,1963,2999,0.3454484828276092,4296875,36140028
desolation and misery,misery and desolation,863,1413,2276,0.37917398945518455,745588,6048754
organizations and states,states and organizations,5456,11329,16785,0.32505212987786714,105591275,178255898
boots and jacket,jacket and boots,5184,15386,20570,0.2520175012153622,23075936,21039189
confusions and contradictions,contradictions and confusions,1649,1662,3311,0.4980368468740562,538026,3159991
flames and sparks,sparks and flames,4930,5929,10859,0.4540012892531541,9358904,3837258
danger and threat,threat and danger,8680,10073,18753,0.46285927584919745,42135098,64744798
determination and faith,faith and determination,8044,16951,24995,0.3218243648729746,28584432,85784659
berlin and frankfurt,frankfurt and berlin,53,65,118,0.4491525423728814,749066,160946
clothes and dishes,dishes and clothes,15066,11514,26580,0.5668171557562077,60617737,38849772
comfort and companionship,companionship and comfort,17629,5576,23205,0.7597069597069597,94554288,2773935
background and interest,interest and background,17658,9841,27499,0.6421324411796793,163632928,247983602
glass and rubber,rubber and glass,5316,3735,9051,0.5873384156446801,124014263,26715419
color and scent,scent and color,15533,8344,23877,0.6505423629434184,262936283,15119075
interest and payments,payments and interest,5195,28596,33791,0.1537391613151431,247983602,60693515
gambling and vice,vice and gambling,1321,661,1982,0.6664984863773966,51772950,37460281
activities and places,places and activities,34605,39946,74551,0.4641788842537323,213999783,164857108
elegance and purity,purity and elegance,4319,5739,10058,0.4294094253330682,7387969,7904525
leaves and limbs,limbs and leaves,3848,7615,11463,0.33568873767774576,98879536,7937609
power and trade,trade and power,2787,2195,4982,0.5594138900040144,498897230,144246692
games and races,races and games,7067,4326,11393,0.6202931624681822,365820653,31060667
evenings and sundays,sundays and evenings,355,49,404,0.8787128712871287,10054713,259530
activity and nature,nature and activity,2824,3360,6184,0.45666235446313064,191439320,171819532
sun and weather,weather and sun,15679,46100,61779,0.2537917415302935,180219384,117950824
leather and paper,paper and leather,4930,5606,10536,0.4679195140470767,33263632,274465797
rudder and stick,stick and rudder,268,9677,9945,0.026948215183509303,1722833,106923255
contraction and dilatation,dilatation and contraction,1012,699,1711,0.5914669783752192,6897240,927554
anguish and rage,rage and anguish,2522,4093,6615,0.38125472411186695,2860632,12210763
shooting and yelling,yelling and shooting,726,1157,1883,0.385554965480616,58209852,6740225
arches and piers,piers and arches,693,1583,2276,0.30448154657293497,3404265,1337364
investment and risk,risk and investment,29656,14993,44649,0.6642030056664203,141968418,281473990
control and growth,growth and control,3557,10685,14242,0.24975424799887655,404118266,246888514
happiness and pain,pain and happiness,7965,9376,17341,0.4593160717375007,33649045,228969348
egypt and europe,europe and egypt,28,42,70,0.4,1599128,8985033
order and truth,truth and order,1425,2278,3703,0.38482311639211453,551957287,119352675
factories and industries,industries and factories,12441,10487,22928,0.5426116538729937,10441785,45928629
name and year,year and name,30922,3261,34183,0.9046017026007079,623409736,1212601153
river and sky,sky and river,3260,1555,4815,0.6770508826583593,62099110,56605277
detection and removal,removal and detection,54554,1006,55560,0.9818934485241181,45289137,41348469
breakfast and luncheon,luncheon and breakfast,2354,203,2557,0.9206100899491592,58547846,2462016
attitude and experience,experience and attitude,7612,11365,18977,0.4011171418032355,43919843,603581553
pilot and plane,plane and pilot,2561,4130,6691,0.3827529517261994,35230776,52239855
malaria and typhoid,typhoid and malaria,8520,3306,11826,0.7204464738711314,7414683,924774
technology and time,time and technology,12427,36689,49116,0.25301327469663654,279873874,2768150129
economist and historian,historian and economist,3506,1800,5306,0.6607614021862043,5944984,7970924
muskets and swords,swords and muskets,1230,1388,2618,0.4698242933537051,353662,5611570
character and wisdom,wisdom and character,4709,4369,9078,0.5187265917602997,241371541,31190939
azaleas and camellias,camellias and azaleas,4694,2930,7624,0.6156873032528857,398323,174033
silence and space,space and silence,5251,9713,14964,0.35090884790163057,24166491,368235590
fingers and mouth,mouth and fingers,5404,4666,10070,0.536643495531281,35126540,76367483
power and variety,variety and power,3182,2128,5310,0.5992467043314501,498897230,178911877
cliches and stereotypes,stereotypes and cliches,5413,3977,9390,0.5764643237486688,970619,6927779
habits and movements,movements and habits,2573,3861,6434,0.3999067454149829,34019484,36894558
shirt and waistcoat,waistcoat and shirt,2582,1454,4036,0.6397423191278494,30309006,466661
boardinghouses and hotels,hotels and boardinghouses,115,460,575,0.2,11120,36407325
stucco and wood,wood and stucco,3331,3766,7097,0.46935324785120475,1394029,99059143
activities and character,character and activities,2216,2221,4437,0.4994365562316881,213999783,241371541
happiness and warmth,warmth and happiness,8904,24479,33383,0.2667225833508073,33649045,15275423
fulfillment and pleasure,pleasure and fulfillment,2219,7378,9597,0.2312180889861415,8484212,47525958
means and motives,motives and means,2595,2098,4693,0.552951203920733,443341020,7451488
fear and relief,relief and fear,3627,2199,5826,0.6225540679711637,133949701,54367120
despair and futility,futility and despair,1382,1675,3057,0.4520771998691528,9338243,1325071
ash and maple,maple and ash,4008,5208,9216,0.4348958333333333,20981328,8426689
beauty and inspiration,inspiration and beauty,19910,7071,26981,0.7379266891516252,79040303,45987084
clippings and pictures,pictures and clippings,1633,1092,2725,0.5992660550458716,1869532,110768302
liquids and powders,powders and liquids,8422,9821,18243,0.46165652579071426,6569052,3660292
domination and influence,influence and domination,1109,1966,3075,0.36065040650406505,4335760,101355240
action and conversation,conversation and action,2342,11326,13668,0.1713491366695932,280016406,85383451
pattern and sequence,sequence and pattern,2486,1640,4126,0.6025206010664081,95239672,62960811
detective and police,police and detective,1660,2573,4233,0.39215686274509803,8493284,168396479
church and graveyard,graveyard and church,7875,751,8626,0.9129376304196615,118718945,2612554
habits and thought,thought and habits,7527,865,8392,0.8969256434699714,34019484,400024534
gardens and lawn,lawn and gardens,33687,13048,46735,0.7208088156627795,23231496,23850958
powers and processes,processes and powers,1575,766,2341,0.672789406236651,44141402,109399994
machinery and tractors,tractors and machinery,2115,6560,8675,0.24380403458213257,15264366,2522203
ammo and weapons,weapons and ammo,6343,35516,41859,0.15153252586062735,6053130,50135395
clay and wax,wax and clay,3281,2197,5478,0.5989412194231472,17081496,17851635
associations and enterprises,enterprises and associations,2828,2158,4986,0.5671881267549138,21062681,19633427
grace and modesty,modesty and grace,1217,1083,2300,0.5291304347826087,33829614,1694470
brains and talent,talent and brains,5473,2313,7786,0.7029283329052145,12945268,60514787
comedy and humor,humor and comedy,5021,6013,11034,0.4550480333514591,29928920,22020548
certainty and order,order and certainty,833,1619,2452,0.3397226753670473,9899526,551957287
discretion and moderation,moderation and discretion,618,500,1118,0.552772808586762,16451896,5872053
attention and civility,civility and attention,282,457,739,0.38159675236806495,199161230,1269705
captain and leader,leader and captain,8691,5345,14036,0.6191935024223425,22832265,103813821
control and intelligence,intelligence and control,4072,5461,9533,0.42714780237071226,404118266,51180439
grease and sweat,sweat and grease,3318,2874,6192,0.5358527131782945,8068278,19872012
comprehension and control,control and comprehension,1721,1102,2823,0.6096351399220687,8009049,404118266
hallucinations and visions,visions and hallucinations,1680,3000,4680,0.358974358974359,2219179,6969221
commands and statements,statements and commands,1280,1637,2917,0.4388069934864587,25491044,50100502
shots and shouts,shouts and shots,601,476,1077,0.5580315691736305,49589611,2717099
cost and upkeep,upkeep and cost,4188,1154,5342,0.7839760389367278,395718710,4038357
men and objects,objects and men,636,1330,1966,0.323499491353001,314631599,78011616
fragrance and taste,taste and fragrance,13026,11871,24897,0.5231955657308109,9279633,88749589
betrayal and murder,murder and betrayal,11031,6127,17158,0.6429070987294556,4349139,64288303
bacteria and insects,insects and bacteria,6772,6330,13102,0.516867653793314,37463989,14621426
confusion and congestion,congestion and confusion,1136,1742,2878,0.39471855455177207,25796182,8048013
facts and techniques,techniques and facts,16626,760,17386,0.9562866674335673,62907319,101364735
anger and spite,spite and anger,4526,2902,7428,0.6093161012385568,31130669,17724981
money and numbers,numbers and money,4410,8728,13138,0.3356675293043081,519542594,161240186
boulders and ledges,ledges and boulders,1020,876,1896,0.5379746835443038,2173150,845338
abolition and emancipation,emancipation and abolition,894,394,1288,0.6940993788819876,3388452,1434658
nationalism and sovereignty,sovereignty and nationalism,1087,886,1973,0.5509376583882413,4364835,7140108
tensions and uncertainties,uncertainties and tensions,2127,685,2812,0.7564011379800853,8903029,7966067
beauty and poise,poise and beauty,4366,2473,6839,0.6383974265243456,79040303,1392635
background and intelligence,intelligence and background,833,911,1744,0.4776376146788991,163632928,51180439
battle and bloodshed,bloodshed and battle,1836,646,2482,0.7397260273972602,89500214,1564541
fairness and moderation,moderation and fairness,472,424,896,0.5267857142857143,8791489,5872053
back and behind,behind and back,6559,2118,8677,0.7559064192693327,1388050574,250126763
ammunition and baggage,baggage and ammunition,293,323,616,0.47564935064935066,6889575,7240301
apprehension and terror,terror and apprehension,435,821,1256,0.3463375796178344,2256836,58965228
head and teeth,teeth and head,2495,4283,6778,0.36810268515786365,480352149,54313430
life and promise,promise and life,4156,671,4827,0.8609902631033768,913377829,50333384
cod and salmon,salmon and cod,5216,7411,12627,0.41308307594836463,14407937,15488045
archaeologists and geologists,geologists and archaeologists,2119,1819,3938,0.5380904012188928,1854534,880182
chopping and sawing,sawing and chopping,1379,1070,2449,0.5630869742752144,3402088,766526
anxiety and dismay,dismay and anxiety,595,496,1091,0.5453712190650779,60066582,3881744
resources and riches,riches and resources,1421,2364,3785,0.37542932628797887,187237944,4203293
personnel and ships,ships and personnel,1010,3759,4769,0.21178444118263787,39132548,30532567
school and service,service and school,2671,3764,6435,0.4150738150738151,509658955,526329117
a.b. and m.a.,m.a. and a.b.,9,1,10,0.9,59421,86395
bandits and outlaws,outlaws and bandits,1613,1287,2900,0.5562068965517242,2229163,856760
arsenic and strychnine,strychnine and arsenic,814,654,1468,0.5544959128065395,2646538,160496
drudgery and monotony,monotony and drudgery,715,642,1357,0.52689756816507,591515,1191582
secrecy and stealth,stealth and secrecy,839,1633,2472,0.33940129449838186,3775625,6369300
soldiers and subjects,subjects and soldiers,497,389,886,0.5609480812641083,35543368,55543831
chagrin and embarrassment,embarrassment and chagrin,661,446,1107,0.5971093044263776,981553,5567599
barges and towboats,towboats and barges,557,966,1523,0.36572554169402494,1031697,20762
celebration and ritual,ritual and celebration,1303,2901,4204,0.3099429115128449,33356151,13348935
searching and yearning,yearning and searching,1393,937,2330,0.5978540772532189,51681841,2615999
letters and magazines,magazines and letters,1275,854,2129,0.5988727101925787,53734371,18131272
flight and terror,terror and flight,190,307,497,0.3822937625754527,74821294,58965228
caresses and endearments,endearments and caresses,156,53,209,0.7464114832535885,390624,38819
gaiety and spirit,spirit and gaiety,176,193,369,0.47696476964769646,225855,70115100
disdain and indifference,indifference and disdain,913,1029,1942,0.4701338825952626,3106768,2972258
liberalism and progress,progress and liberalism,3316,294,3610,0.9185595567867036,2214389,166993281
blame and hate,hate and blame,3359,5113,8472,0.39648253068932954,34895514,60146650
color and imagery,imagery and color,5023,4084,9107,0.551553749862743,262936283,12737110
intonation and phrasing,phrasing and intonation,1452,1686,3138,0.4627151051625239,1077053,1801285
abasement and humiliation,humiliation and abasement,262,414,676,0.3875739644970414,46297,2925696
commercialism and materialism,materialism and commercialism,1370,848,2218,0.6176735798016231,396943,1566213
education and industrialization,industrialization and education,569,367,936,0.6079059829059829,234480798,1797673
foreboding and gloom,gloom and foreboding,216,719,935,0.23101604278074866,875204,2971833
firepower and speed,speed and firepower,1815,5109,6924,0.2621317157712305,1993434,177702754
